[
  {
    "name": "aruvi",
    "thumbnailUrl": "https://pbs.twimg.com/media/DJxBy0MVwAE29xo.jpg",
    "posterUrl": "https://pbs.twimg.com/media/DJxBy0MVwAE29xo.jpg",
    "releaseYear": "2017",
    "rating": "4",
    "language": "Tamil",
    "plot": "In the near future around the American Midwest, Cooper an ex-science engineer and pilot, is tied to his farming land with his daughter Murph and son Tom. As devastating sandstorms ravage earths crops, the people of Earth realize their life here is coming to an end as food begins to run out. Eventually stumbling upon a NASA base near Cooper's home, he is asked to go on a daring mission with a few other scientists into a wormhole because of Cooper's scientific intellect and ability to pilot aircraft unlike the other crew members. In order to find a new home while Earth decays, Cooper must decide to either stay, or risk never seeing his children again in order to save the human race by finding another habitable planet.",
    "cast": "Matthew McConaughey, Anne Hathaway, Jessica Chastain"
  },
  {
    "name": "bahubali",
    "thumbnailUrl": "http://www.kerala9.com/images/movie/bahubali_2_movie_wallpapers_10025.jpg",
    "posterUrl": "http://www.kerala9.com/images/movie/bahubali_2_movie_wallpapers_10025.jpg",
    "releaseYear": "2017",
    "rating": "5",
    "language": "Tamil",
    "plot": "When his brother is killed in a robbery, paraplegic Marine Jake Sully decides to take his place in a mission on the distant world of Pandora. There he learns of greedy corporate figurehead Parker Selfridge's intentions of driving off the native humanoid 'Na'vi' in order to mine for the precious material scattered throughout their rich woodland. In exchange for the spinal surgery that will fix his legs, Jake gathers intel for the cooperating military unit spearheaded by gung-ho Colonel Quaritch, while simultaneously attempting to infiltrate the Na'vi people with the use of an 'avatar' identity. While Jake begins to bond with the native tribe and quickly falls in love with the beautiful alien Neytiri, the restless Colonel moves forward with his ruthless extermination tactics, forcing the soldier to take a stand - and fight back in an epic battle for the fate of Pandora.",
    "cast": "Sam Worthington, Zoe Saldana, Sigourney Weaver"
  },
  {
    "name": "mersal",
    "thumbnailUrl": "https://pre00.deviantart.net/ea4a/th/pre/i/2017/223/c/7/mersal_poster_work_by_manifrkz_by_manifrkz-dbjr7zh.jpg",
    "posterUrl": "https://pre00.deviantart.net/ea4a/th/pre/i/2017/223/c/7/mersal_poster_work_by_manifrkz_by_manifrkz-dbjr7zh.jpg",
    "releaseYear": "2017",
    "rating": "4",
    "language": "Tamil",
    "plot": "Having bought a model ship, the Unicorn, for a pound off a market stall Tintin is initially puzzled that the sinister Mr. Sakharine should be so eager to buy it from him, resorting to murder and kidnapping Tintin - accompanied by his marvellous dog Snowy - to join him and his gang as they sail to Morocco on an old cargo ship. Sakharine has bribed the crew to revolt against the ship's master, drunken Captain Haddock, but Tintin, Snowy and Haddock escape, arriving in Morocco at the court of a sheikh, who also has a model of the Unicorn. Haddock tells Tintin that over three hundred years earlier his ancestor Sir Francis Haddock was forced to scuttle the original Unicorn when attacked by a piratical forebear of Sakharine but he managed to save his treasure and provide clues to its location in three separate scrolls, all of which were secreted in models of the Unicorn.",
    "cast": "Jamie Bell, Andy Serkis, Daniel Craig "
  },
  {
    "name": "robo2",
    "thumbnailUrl": "https://1.bp.blogspot.com/-7H23-klChpc/WD1ER31z5qI/AAAAAAAAG1Q/j1iJhNWWi7chx71rj0bfG05frTxOd4LaACLcB/s1600/chitti.jpg",
    "posterUrl": "https://1.bp.blogspot.com/-7H23-klChpc/WD1ER31z5qI/AAAAAAAAG1Q/j1iJhNWWi7chx71rj0bfG05frTxOd4LaACLcB/s1600/chitti.jpg",
    "releaseYear": "2018",
    "rating": "4.5",
    "language": "Tamil",
    "plot": "The movie starts ploting the story of a youngster Arivu(Sivakarthikeyan) who is from a slum and his wish is to begin a radio channel for himself, he also had some personal plans while creating the channel. After considering his family hardship, he try to seek a job in the town and he get a salesman job but the real story reveals when he start to find the secret behind the food corporations and the adulteration in the industry he fight against them. The rest of the story reveals whether his plans work out or not and will his protest bring out the change or not.",
    "cast": "Aruldoss, Yogi Babu, RJ Balaji"
  },
  {
    "name": "vivegam",
    "thumbnailUrl": "https://pbs.twimg.com/media/DGmyoGpVoAAzW47.jpg",
    "posterUrl": "https://pbs.twimg.com/media/DGmyoGpVoAAzW47.jpg",
    "releaseYear": "2017",
    "rating": "4",
    "language": "Tamil",
    "plot": "When his brother is killed in a robbery, paraplegic Marine Jake Sully decides to take his place in a mission on the distant world of Pandora. There he learns of greedy corporate figurehead Parker Selfridge's intentions of driving off the native humanoid 'Na'vi' in order to mine for the precious material scattered throughout their rich woodland. In exchange for the spinal surgery that will fix his legs, Jake gathers intel for the cooperating military unit spearheaded by gung-ho Colonel Quaritch, while simultaneously attempting to infiltrate the Na'vi people with the use of an 'avatar' identity. While Jake begins to bond with the native tribe and quickly falls in love with the beautiful alien Neytiri, the restless Colonel moves forward with his ruthless extermination tactics, forcing the soldier to take a stand - and fight back in an epic battle for the fate of Pandora.",
    "cast": "Sam Worthington, Zoe Saldana, Sigourney Weaver"
  },
  {
    "name": "bajrangi bhaijaan",
    "thumbnailUrl": "https://pbs.twimg.com/media/DKEfbWNUEAAsT4q.jpg",
    "posterUrl": "https://pbs.twimg.com/media/DKEfbWNUEAAsT4q.jpg",
    "releaseYear": "2015",
    "rating": "4",
    "language": "Hindi",
    "plot": "A gentle girl born and brought up amidst the ever growing eco-social-consumeristic environment finds it difficult to fit in the society. She decides to take it hard on the people. What she does is the rest of the story.",
    "cast": "Aditi Balan, Lakshmi Gopalaswamy, Shwetha Shekar"
  },
  {
    "name": "fukrey returns",
    "thumbnailUrl": "https://pbs.twimg.com/media/DOLMEkpX4AI0swO.jpg",
    "posterUrl": "https://pbs.twimg.com/media/DOLMEkpX4AI0swO.jpg",
    "releaseYear": "2017",
    "rating": "5",
    "language": "Hindi",
    "plot": "Theeran, a police officer, tries to decode a series of cold blood events based on same pattern. Who's behind those ruthless events? How Theeran and team traces them? Did they succeed? forms the story of this crime action thriller. The story is based on true incidents handled by Police department in 2000s.",
    "cast": "Karthi, Rakul Preet Singh, Abhimanyu Singh"
  },
  {
    "name": "jab harry met sejal",
    "thumbnailUrl": "http://hopefighters.org/wp-content/uploads/2017/08/IMG_6128.jpg",
    "posterUrl": "http://hopefighters.org/wp-content/uploads/2017/08/IMG_6128.jpg",
    "releaseYear": "2017",
    "rating": "4",
    "language": "Hindi",
    "plot": "Maaran, a sincere doctor who fights against corruption and Vettri a magician who is out for a revenge. Both of them are estranged brothers and once they come together, they get to know about their common enemy, Daniel, who had killed their father and mother.",
    "cast": "Joseph Vijay, Surya S.J., Kajal Aggarwal "
  },
  {
    "name": "tubelight",
    "thumbnailUrl": "http://www.media.glamsham.com/download/poster/images/tubelight/03-tubelight.jpg",
    "posterUrl": "http://www.media.glamsham.com/download/poster/images/tubelight/03-tubelight.jpg",
    "releaseYear": "2017",
    "rating": "4.5",
    "language": "Hindi",
    "plot": "During a manned mission to Mars, Astronaut Mark Watney is presumed dead after a fierce storm and left behind by his crew. But Watney has survived and finds himself stranded and alone on the hostile planet. With only meager supplies, he must draw upon his ingenuity, wit and spirit to subsist and find a way to signal to Earth that he is alive. Millions of miles away, NASA and a team of international scientists work tirelessly to bring 'the Martian' home, while his crewmates concurrently plot a daring, if not impossible, rescue mission. As these stories of incredible bravery unfold, the world comes together to root for Watney's safe return.",
    "cast": "Matt Damon, Jessica Chastain, Kristen Wiig"
  },
  {
    "name": "tiger zinda hai",
    "thumbnailUrl": "https://i0.wp.com/www.mastermovie-hd.com/wp-content/uploads/2018/01/Tiger-Zinda-Hai-2017.jpg",
    "posterUrl": "https://i0.wp.com/www.mastermovie-hd.com/wp-content/uploads/2018/01/Tiger-Zinda-Hai-2017.jpg",
    "releaseYear": "2017",
    "rating": "4",
    "language": "Hindi",
    "plot": "In the near future around the American Midwest, Cooper an ex-science engineer and pilot, is tied to his farming land with his daughter Murph and son Tom. As devastating sandstorms ravage earths crops, the people of Earth realize their life here is coming to an end as food begins to run out. Eventually stumbling upon a NASA base near Cooper's home, he is asked to go on a daring mission with a few other scientists into a wormhole because of Cooper's scientific intellect and ability to pilot aircraft unlike the other crew members. In order to find a new home while Earth decays, Cooper must decide to either stay, or risk never seeing his children again in order to save the human race by finding another habitable planet.",
    "cast": "Matthew McConaughey, Anne Hathaway, Jessica Chastain"
  },
  {
    "name": "Logan: The Wolverine",
    "thumbnailUrl": "https://images-na.ssl-images-amazon.com/images/M/MV5BMjI1MjkzMjczMV5BMl5BanBnXkFtZTgwNDk4NjYyMTI@._V1_SY500_CR0,0,338,500_AL_.jpg",
    "posterUrl": "https://images-na.ssl-images-amazon.com/images/M/MV5BMjI1MjkzMjczMV5BMl5BanBnXkFtZTgwNDk4NjYyMTI@._V1_SY500_CR0,0,338,500_AL_.jpg",
    "releaseYear": "2017",
    "rating": "4",
    "language": "English",
    "plot": "Maaran, a sincere doctor who fights against corruption and Vettri a magician who is out for a revenge. Both of them are estranged brothers and once they come together, they get to know about their common enemy, Daniel, who had killed their father and mother.",
    "cast": "Joseph Vijay, Surya S.J., Kajal Aggarwal "
  },
  {
    "name": "Before I Fall",
    "thumbnailUrl": "https://images-na.ssl-images-amazon.com/images/M/MV5BNDYwOTY0MDI2OV5BMl5BanBnXkFtZTgwOTE5NzM2MDI@._V1_SY500_CR0,0,337,500_AL_.jpg",
    "posterUrl": "https://images-na.ssl-images-amazon.com/images/M/MV5BNDYwOTY0MDI2OV5BMl5BanBnXkFtZTgwOTE5NzM2MDI@._V1_SY500_CR0,0,337,500_AL_.jpg",
    "releaseYear": "2017",
    "rating": "5",
    "language": "English",
    "plot": "Having bought a model ship, the Unicorn, for a pound off a market stall Tintin is initially puzzled that the sinister Mr. Sakharine should be so eager to buy it from him, resorting to murder and kidnapping Tintin - accompanied by his marvellous dog Snowy - to join him and his gang as they sail to Morocco on an old cargo ship. Sakharine has bribed the crew to revolt against the ship's master, drunken Captain Haddock, but Tintin, Snowy and Haddock escape, arriving in Morocco at the court of a sheikh, who also has a model of the Unicorn. Haddock tells Tintin that over three hundred years earlier his ancestor Sir Francis Haddock was forced to scuttle the original Unicorn when attacked by a piratical forebear of Sakharine but he managed to save his treasure and provide clues to its location in three separate scrolls, all of which were secreted in models of the Unicorn.",
    "cast": "Jamie Bell, Andy Serkis, Daniel Craig "
  },
  {
    "name": "The Last Word",
    "thumbnailUrl": "https://images-na.ssl-images-amazon.com/images/M/MV5BMTQ4Mzc1MzY5OV5BMl5BanBnXkFtZTgwNzU0NzE4MDI@._V1_SY500_CR0,0,337,500_AL_.jpg",
    "posterUrl": "https://images-na.ssl-images-amazon.com/images/M/MV5BMTQ4Mzc1MzY5OV5BMl5BanBnXkFtZTgwNzU0NzE4MDI@._V1_SY500_CR0,0,337,500_AL_.jpg",
    "releaseYear": "2017",
    "rating": "4",
    "language": "English",
    "plot": "The movie starts ploting the story of a youngster Arivu(Sivakarthikeyan) who is from a slum and his wish is to begin a radio channel for himself, he also had some personal plans while creating the channel. After considering his family hardship, he try to seek a job in the town and he get a salesman job but the real story reveals when he start to find the secret behind the food corporations and the adulteration in the industry he fight against them. The rest of the story reveals whether his plans work out or not and will his protest bring out the change or not.",
    "cast": "Aruldoss, Yogi Babu, RJ Balaji"
  },
  {
    "name": "My Scientology Movie",
    "thumbnailUrl": "https://images-na.ssl-images-amazon.com/images/M/MV5BMjQzNjcyODE5Nl5BMl5BanBnXkFtZTgwMDI2MTQyMDI@._V1_SY500_CR0,0,336,500_AL_.jpg",
    "posterUrl": "https://images-na.ssl-images-amazon.com/images/M/MV5BMjQzNjcyODE5Nl5BMl5BanBnXkFtZTgwMDI2MTQyMDI@._V1_SY500_CR0,0,336,500_AL_.jpg",
    "releaseYear": "2015",
    "rating": "4.5",
    "language": "English",
    "plot": "During a manned mission to Mars, Astronaut Mark Watney is presumed dead after a fierce storm and left behind by his crew. But Watney has survived and finds himself stranded and alone on the hostile planet. With only meager supplies, he must draw upon his ingenuity, wit and spirit to subsist and find a way to signal to Earth that he is alive. Millions of miles away, NASA and a team of international scientists work tirelessly to bring 'the Martian' home, while his crewmates concurrently plot a daring, if not impossible, rescue mission. As these stories of incredible bravery unfold, the world comes together to root for Watney's safe return.",
    "cast": "Matt Damon, Jessica Chastain, Kristen Wiig"
  },
  {
    "name": "Donald Cried",
    "thumbnailUrl": "https://images-na.ssl-images-amazon.com/images/M/MV5BMTUyNjU2MzMzMl5BMl5BanBnXkFtZTgwNTUwNTcxMTI@._V1_SY500_CR0,0,337,500_AL_.jpg",
    "posterUrl": "https://images-na.ssl-images-amazon.com/images/M/MV5BMTUyNjU2MzMzMl5BMl5BanBnXkFtZTgwNTUwNTcxMTI@._V1_SY500_CR0,0,337,500_AL_.jpg",
    "releaseYear": "2016",
    "rating": "4",
    "language": "English",
    "plot": "Having bought a model ship, the Unicorn, for a pound off a market stall Tintin is initially puzzled that the sinister Mr. Sakharine should be so eager to buy it from him, resorting to murder and kidnapping Tintin - accompanied by his marvellous dog Snowy - to join him and his gang as they sail to Morocco on an old cargo ship. Sakharine has bribed the crew to revolt against the ship's master, drunken Captain Haddock, but Tintin, Snowy and Haddock escape, arriving in Morocco at the court of a sheikh, who also has a model of the Unicorn. Haddock tells Tintin that over three hundred years earlier his ancestor Sir Francis Haddock was forced to scuttle the original Unicorn when attacked by a piratical forebear of Sakharine but he managed to save his treasure and provide clues to its location in three separate scrolls, all of which were secreted in models of the Unicorn.",
    "cast": "Jamie Bell, Andy Serkis, Daniel Craig "
  }
]
